segment,count,market_accuracy,xgb_accuracy,upset_rate
strong_favorite,752,0.7127659574468085,0.711436170212766,0.2872340425531915
