count,market_accuracy,nomarket_accuracy,xgb_accuracy,draw_rate,upset_rate
260,0.4115384615384615,0.3153846153846154,0.36923076923076925,0.27692307692307694,0.5884615384615385
